,statistic,p_value,mean_between_distance,mean_within_distance1,mean_within_distance2
post vs pre,490636701.0,2.2359420385099127e-62,0.7294483654537449,0.7045746660994334,0.7228535027704952
going_through vs pre,24704662.0,0.13178323654815904,0.7281392590997152,0.6780381417627718,0.7228535027704952
going_through vs post,75654280.0,0.9906606132197975,0.7065697828289873,0.6780381417627718,0.7045746660994334
