,pre,post,going_through
carbohydrate_metabolism,0.47426171948488244,0.445812101369528,0.4533540425531915
butyrate_production,0.5399763095887163,0.48230956896551724,0.5049514642857144
lactic_acid_production,0.09579716554450665,0.07123734500174156,0.05377301406926407
protein_degradation,0.015081293239418704,0.016013015030946064,0.012278241758241756
mucin_degradation,0.6664058997044963,0.6944543223952541,0.675672021889401
